dataset,layer,N,type,ave_train_loss,ave_test_loss,ave_train_accuracy_top1,ave_train_accuracy_top5,ave_test_accuracy_top1,ave_test_accuracy_top5,best_train_accuracy_top1,best_train_accuracy_top5,best_test_accuracy_top1,best_test_accuracy_top5,total_params,trainable_params,gflops
ViT-Tiny-CIFAR10,ConvNNAttention,N/A,all,0.028123042000000004,1.9312524019999997,99.02669999999999,99.9996,73.8828,97.98634,99.0804,100.0,74.3945,98.3203,5500042,5500042,2.33318496
ViT-Tiny-CIFAR100,ConvNNAttention,N/A,all,0.05922109600000001,3.959702558,98.06631999999999,99.98088,48.824220000000004,76.52928,98.1481,99.996,49.1699,77.7734,5517412,5517412,2.33321952
ViT-Tiny-CIFAR10,Attention,N/A,N/A,0.029530893999999995,1.6050025480000003,98.98949999999999,100.0,77.1211,98.23828,99.0171,100.0,77.6367,98.6816,5479306,5479306,2.50793184
ViT-Tiny-CIFAR100,Attention,N/A,N/A,0.05846539399999999,3.8189064880000005,98.10738,99.98604,49.69725999999999,76.93358,98.2541,99.99,50.1855,78.2617,5496676,5496676,2.5079664
